Title,Link,Date
          J.A.R.V.I.S is now READY!        ,"<a data-preload-image=""https://res.cloudinary.com/practicaldev/image/fetch/s---eKld7T1--/c_imagga_scale,f_auto,fl_progressive,h_420,q_auto,w_1000/https://res.cloudinary.com/practicaldev/image/fetch/s--q6X-Y2lt--/c_imagga_scale%2Cf_auto%2Cfl_progressive%2Ch_420%2Cq_auto%2Cw_1000/https://dev-to-uploads.s3.amazonaws.com/i/jrigqp4sfxmrgj7j1kgy.jpg"" href=""/gauravsingh9356/j-a-r-v-i-s-is-now-ready-1ai3"" id=""article-link-377096"">
          J.A.R.V.I.S is now READY!

        </a>",Jul  1
    #helpWhat is the best way for web scraping?        ,"<a data-preload-image=""https://res.cloudinary.com/practicaldev/image/fetch/s--3-EB9SjA--/c_imagga_scale,f_auto,fl_progressive,h_420,q_auto,w_1000/https://res.cloudinary.com/practicaldev/image/fetch/s--r2bnyj7T--/c_imagga_scale%2Cf_auto%2Cfl_progressive%2Ch_420%2Cq_auto%2Cw_1000/https://dev-to-uploads.s3.amazonaws.com/i/kubc4zvuwgeyzi4r6ue5.jpg"" href=""/nishantwrp/what-is-the-best-way-for-web-scraping-3o44"" id=""article-link-377060"">
<span class=""crayons-story__flare-tag"" style=""background:#ff3232;color:#ffffff"">
    #help</span>What is the best way for web scraping?

        </a>",Jul  1
          Updating an important but stale Python library        ,"<a data-preload-image="""" href=""/koti/updating-an-important-but-stale-python-library-3o6i"" id=""article-link-377459"">
          Updating an important but stale Python library

        </a>",Jul  1
          Create a Github Action that Send Everyday Covid19 Status Through Telegram Using Python        ,"<a data-preload-image="""" href=""/spiritbro1/create-a-github-action-that-send-everyday-covid19-status-through-telegram-using-python-3l78"" id=""article-link-373340"">
          Create a Github Action that Send Everyday Covid19 Status Through Telegram Using Python

        </a>",Jun 29
"          FRMP Stack (Flask, ReactJS, MongoDB, Python)        ","<a data-preload-image=""https://res.cloudinary.com/practicaldev/image/fetch/s--L06e_HN7--/c_imagga_scale,f_auto,fl_progressive,h_420,q_auto,w_1000/https://res.cloudinary.com/practicaldev/image/fetch/s--nKCZ4UBZ--/c_imagga_scale%2Cf_auto%2Cfl_progressive%2Ch_420%2Cq_auto%2Cw_1000/https://dev-to-uploads.s3.amazonaws.com/i/gm30k64d1bleic53xpw2.png"" href=""/kouul/frmp-stack-5g9"" id=""article-link-376934"">
          FRMP Stack (Flask, ReactJS, MongoDB, Python)

        </a>",Jul  1
          The importance of the interfaces        ,"<a data-preload-image=""https://res.cloudinary.com/practicaldev/image/fetch/s--TgzhljvG--/c_imagga_scale,f_auto,fl_progressive,h_420,q_auto,w_1000/https://res.cloudinary.com/practicaldev/image/fetch/s--Q8zxAkZb--/c_imagga_scale%2Cf_auto%2Cfl_progressive%2Ch_420%2Cq_auto%2Cw_1000/https://dev-to-uploads.s3.amazonaws.com/i/lt0zeb6rqfmzx8q0av9c.jpg"" href=""/juanbenitopr/the-importance-of-the-interfaces-3on8"" id=""article-link-376034"">
          The importance of the interfaces

        </a>",Jun 30
          Outlier detection from scratch (sort of) in python         ,"<a data-preload-image="""" href=""/benwtrent/outlier-detection-from-scratch-sort-of-in-python-30p8"" id=""article-link-376227"">
          Outlier detection from scratch (sort of) in python 

        </a>",Jun 30
          Python Basics on Hackerrank        ,"<a data-preload-image=""https://res.cloudinary.com/practicaldev/image/fetch/s--D0nWW_fn--/c_imagga_scale,f_auto,fl_progressive,h_420,q_auto,w_1000/https://res.cloudinary.com/practicaldev/image/fetch/s--ofzL6UJN--/c_imagga_scale%2Cf_auto%2Cfl_progressive%2Ch_420%2Cq_auto%2Cw_1000/https://dev-to-uploads.s3.amazonaws.com/i/n0v3eugazpl4dgh0th8l.png"" href=""/tiwariji264/python-basics-on-hackerrank-2p87"" id=""article-link-375741"">
          Python Basics on Hackerrank

        </a>",Jun 30
    #discussWhich libraries do you think are missing from python?        ,"<a data-preload-image="""" href=""/gwutama/which-libraries-do-you-think-are-missing-from-python-7i8"" id=""article-link-376017"">
<span class=""crayons-story__flare-tag"" style=""background:#000000;color:#FFFFFF"">
    #discuss</span>Which libraries do you think are missing from python?

        </a>",Jun 30
          Introduction To Regular Expression        ,"<a data-preload-image="""" href=""/shubham503/introduction-to-regular-expression-21ja"" id=""article-link-375738"">
          Introduction To Regular Expression

        </a>",Jun 30
          Graph Theory and Network Science for Natural Language Processing - Part 1         ,"<a data-preload-image="""" href=""/crowintelligence/graph-theory-and-network-science-for-natural-language-processing-part-1-32i0"" id=""article-link-375270"">
          Graph Theory and Network Science for Natural Language Processing - Part 1 

        </a>",Jun 30
          Machine learning Model Deployment using Flask        ,"<a data-preload-image="""" href=""/bharatc9530/machine-learning-model-deployment-using-flask-1ckf"" id=""article-link-375037"">
          Machine learning Model Deployment using Flask

        </a>",Jun 30
          How to scan local files for secrets in python using the GitGuardian API        ,"<a data-preload-image="""" href=""/cuireuncroco/how-to-scan-local-files-for-secrets-in-python-using-the-gitguardian-api-190h"" id=""article-link-374156"">
          How to scan local files for secrets in python using the GitGuardian API

        </a>",Jun 29
"          Comparing the same web scraper in Haskell, Python, Go        ","<a data-preload-image="""" href=""/yujiri8/comparing-the-same-web-scraper-in-haskell-python-go-387a"" id=""article-link-376528"">
          Comparing the same web scraper in Haskell, Python, Go

        </a>",Jul  1
          Pandas Cheat Sheet: top 35 commands and operations        ,"<a data-preload-image=""https://res.cloudinary.com/practicaldev/image/fetch/s--bToo4Yza--/c_imagga_scale,f_auto,fl_progressive,h_420,q_auto,w_1000/https://res.cloudinary.com/practicaldev/image/fetch/s--yJNmSd1q--/c_imagga_scale%2Cf_auto%2Cfl_progressive%2Ch_420%2Cq_auto%2Cw_1000/https://dev-to-uploads.s3.amazonaws.com/i/frfpyrov5u7eriee0qln.png"" href=""/educative/pandas-cheat-sheet-top-35-commands-and-operations-bge"" id=""article-link-376014"">
          Pandas Cheat Sheet: top 35 commands and operations

        </a>",Jun 30
          Apache Arrow: Read DataFrame With Zero Memory        ,"<a data-preload-image="""" href=""/simicd/apache-arrow-read-dataframe-with-zero-memory-h81"" id=""article-link-372480"">
          Apache Arrow: Read DataFrame With Zero Memory

        </a>",Jun 28
          Instagram Bot using Python        ,"<a data-preload-image="""" href=""/japneet121/instagram-bot-using-python-4a54"" id=""article-link-376347"">
          Instagram Bot using Python

        </a>",Jun 30
          The Legend of Data - Ep.5 - Data Visualization 2        ,"<a data-preload-image="""" href=""/cheukting_ho/the-legend-of-data-ep-5-data-visualization-2-i15"" id=""article-link-375413"">
          The Legend of Data - Ep.5 - Data Visualization 2

        </a>",Jun 30
          DAY 14:Exceptions        ,"<a data-preload-image="""" href=""/idimaimuna/day-14-exceptions-41no"" id=""article-link-369329"">
          DAY 14:Exceptions

        </a>",Jun 26
          Development Log: One Month In        ,"<a data-preload-image=""https://res.cloudinary.com/practicaldev/image/fetch/s--xMy-OjwL--/c_imagga_scale,f_auto,fl_progressive,h_420,q_auto,w_1000/https://res.cloudinary.com/practicaldev/image/fetch/s--OlgkwClh--/c_imagga_scale%2Cf_auto%2Cfl_progressive%2Ch_420%2Cq_auto%2Cw_1000/https://dev-to-uploads.s3.amazonaws.com/i/1pg317kgcvyohs5yigum.jpg"" href=""/mousepawmedia/development-log-one-month-in-4kh3"" id=""article-link-374751"">
          Development Log: One Month In

        </a>",Jun 29
          Python Zero to Hero - Ep.13 - Test-driven Development        ,"<a data-preload-image="""" href=""/cheukting_ho/python-zero-to-hero-ep-13-test-driven-development-1g9l"" id=""article-link-373105"">
          Python Zero to Hero - Ep.13 - Test-driven Development

        </a>",Jun 29
          Understand Django: Store Data With Models        ,"<a data-preload-image=""https://res.cloudinary.com/practicaldev/image/fetch/s--Dll-Zu2m--/c_imagga_scale,f_auto,fl_progressive,h_420,q_auto,w_1000/https://res.cloudinary.com/practicaldev/image/fetch/s--FEdjNs30--/c_imagga_scale%2Cf_auto%2Cfl_progressive%2Ch_420%2Cq_auto%2Cw_1000/https://dev-to-uploads.s3.amazonaws.com/i/mzxzz7pxya4vae947h6t.png"" href=""/mblayman/understand-django-store-data-with-models-f73"" id=""article-link-367544"">
          Understand Django: Store Data With Models

        </a>",Jun 25
          What is __name__ in Python?         ,"<a data-preload-image=""https://res.cloudinary.com/practicaldev/image/fetch/s--8Ro8Y1M8--/c_imagga_scale,f_auto,fl_progressive,h_420,q_auto,w_1000/https://res.cloudinary.com/practicaldev/image/fetch/s--jYNBslec--/c_imagga_scale%2Cf_auto%2Cfl_progressive%2Ch_420%2Cq_auto%2Cw_1000/https://dev-to-uploads.s3.amazonaws.com/i/6dllg4wtjer8w4en9duw.jpg"" href=""/adrianmarkperea/what-is-name-in-python-43i2"" id=""article-link-374130"">
          What is __name__ in Python? 

        </a>",Jun 29
          tkinter gui        ,"<a data-preload-image="""" href=""/importostar/tkinter-gui-43o0"" id=""article-link-368840"">
          tkinter gui

        </a>",Jun 26
          Simple Translator in Python        ,"<a data-preload-image=""https://res.cloudinary.com/practicaldev/image/fetch/s--l9eF0Rzs--/c_imagga_scale,f_auto,fl_progressive,h_420,q_auto,w_1000/https://res.cloudinary.com/practicaldev/image/fetch/s--0QGwzjuh--/c_imagga_scale%2Cf_auto%2Cfl_progressive%2Ch_420%2Cq_auto%2Cw_1000/https://dev-to-uploads.s3.amazonaws.com/i/h0paj2y01ti316e0xyue.png"" href=""/codesnail/simple-translator-in-python-45bl"" id=""article-link-372247"">
          Simple Translator in Python

        </a>",Jun 28
          Flask QuickSheet        ,"<a data-preload-image="""" href=""/imshubh17/flask-quicksheet-2ppn"" id=""article-link-375054"">
          Flask QuickSheet

        </a>",Jun 30
          Don't Try This at Work: Exception Driven Fizz Buzz        ,"<a data-preload-image="""" href=""/fronkan/don-t-try-a-this-at-work-exception-driven-fizz-buzz-4j8d"" id=""article-link-369988"">
          Don't Try This at Work: Exception Driven Fizz Buzz

        </a>",Jun 27
          Building a Redis Prize Draw Application with Flask or Express        ,"<a data-preload-image=""https://res.cloudinary.com/practicaldev/image/fetch/s--_iAoSWb6--/c_imagga_scale,f_auto,fl_progressive,h_420,q_auto,w_1000/https://res.cloudinary.com/practicaldev/image/fetch/s--eNa3Gd-j--/c_imagga_scale%2Cf_auto%2Cfl_progressive%2Ch_420%2Cq_auto%2Cw_1000/https://dev-to-uploads.s3.amazonaws.com/i/syh4gjcba9p4r1kxtjmk.jpg"" href=""/simonprickett/building-a-redis-prize-draw-application-with-flask-or-express-49no"" id=""article-link-373213"">
          Building a Redis Prize Draw Application with Flask or Express

        </a>",Jun 29
    #discussWeb Development With Python        ,"<a data-preload-image="""" href=""/zekethedev/web-development-with-python-2198"" id=""article-link-373041"">
<span class=""crayons-story__flare-tag"" style=""background:#000000;color:#FFFFFF"">
    #discuss</span>Web Development With Python

        </a>",Jun 28
          Writing a swagger.json file        ,"<a data-preload-image="""" href=""/ziishaned/getting-started-with-swagger-3bbc"" id=""article-link-360614"">
          Writing a swagger.json file

        </a>",Jun 22
          DS: Singly Linked List in Python        ,"<a data-preload-image=""https://res.cloudinary.com/practicaldev/image/fetch/s--RN53nIN9--/c_imagga_scale,f_auto,fl_progressive,h_420,q_auto,w_1000/https://res.cloudinary.com/practicaldev/image/fetch/s--RIieP75k--/c_imagga_scale%2Cf_auto%2Cfl_progressive%2Ch_420%2Cq_auto%2Cw_1000/https://dev-to-uploads.s3.amazonaws.com/i/g41hkvg5j2wejpc2yg99.png"" href=""/irfanbaigse/ds-singly-linked-list-in-python-409a"" id=""article-link-364529"">
          DS: Singly Linked List in Python

        </a>",Jun 26
"    #showdevPolyFriends, a New Twitter Bot        ","<a data-preload-image="""" href=""/visualmov/polyfriends-a-new-twitter-bot-hla"" id=""article-link-368170"">
<span class=""crayons-story__flare-tag"" style=""background:#091b47;color:#b2ffe1"">
    #showdev</span>PolyFriends, a New Twitter Bot

        </a>",Jun 26
          Collaborative Data Science with Ploomber        ,"<a data-preload-image="""" href=""/edublancas/collaborative-data-science-with-ploomber-ad"" id=""article-link-371724"">
          Collaborative Data Science with Ploomber

        </a>",Jun 27
          Deciphering Single-byte XOR Ciphertext        ,"<a data-preload-image=""https://res.cloudinary.com/practicaldev/image/fetch/s--1-Mz_O-N--/c_imagga_scale,f_auto,fl_progressive,h_420,q_auto,w_1000/https://res.cloudinary.com/practicaldev/image/fetch/s--u4pdEjrz--/c_imagga_scale%2Cf_auto%2Cfl_progressive%2Ch_420%2Cq_auto%2Cw_1000/https://dev-to-uploads.s3.amazonaws.com/i/7xwiity2olmp4vnuj0j3.png"" href=""/arpit_bhayani/deciphering-single-byte-xor-ciphertext-9kb"" id=""article-link-360214"">
          Deciphering Single-byte XOR Ciphertext

        </a>",Jun 21
    #helpPygame is not working In linux        ,"<a data-preload-image="""" href=""/gogamic/pygame-is-not-working-in-linux-2i74"" id=""article-link-360729"">
<span class=""crayons-story__flare-tag"" style=""background:#ff3232;color:#ffffff"">
    #help</span>Pygame is not working In linux

        </a>",Jun 22
